Plate_1,1,2,3,4,5,6,7,8,9,10,11,12
A,135,165,145,78,88,133,96,89,22,57,217,94
B,94,58,88,79,62,80,70,109,85,123,84,75
C,100,110,207,183,97,245,339,174,43,154,221,143
D,128,76,264,314,67,216,132,125,88,67,114,85
E,74,132,110,75,74,47,171,210,73,128,204,119
F,122,87,137,73,87,75,72,81,75,96,100,104
G,114,120,106,78,142,105,114,133,113,94,92,149
H,26,793,584,440,310,159,91,60,44,37,28,28
,,,,,,,,,,,,
Plate_2,1,2,3,4,5,6,7,8,9,10,11,12
A,62,106,54,65,85,75,45,171,259,57,153,22
B,118,209,205,119,58,65,72,89,67,44,92,81
C,117,113,204,42,86,53,37,46,57,53,60,57
D,33,66,70,75,59,77,57,54,66,46,70,59
E,100,92,58,94,53,68,96,67,70,67,245,129
F,59,58,65,58,65,60,62,61,76,75,53,98
G,112,214,102,95,115,170,49,268,122,98,73,94
H,25,788,587,450,312,156,90,57,43,36,26,26
,,,,,,,,,,,,
Plate_3,1,2,3,4,5,6,7,8,9,10,11,12
A,55,54,49,51,46,35,73,57,34,84,106,95
B,66,68,60,77,147,88,54,66,79,25,79,92
C,50,61,49,95,80,76,59,79,107,68,90,83
D,58,69,58,53,53,58,70,101,52,70,60,76
E,67,57,23,23,95,106,119,124,58,26,52,43
F,59,55,29,39,70,55,40,43,43,67,153,55
G,51,41,47,71,51,76,80,24,139,133,99,256
H,23,750,564,432,300,157,93,58,42,35,27,27
,,,,,,,,,,,,
Plate_4,1,2,3,4,5,6,7,8,9,10,11,12
A,126,148,108,73,25,68,78,45,55,67,82,48
B,109,220,122,261,150,94,76,147,52,193,165,123
C,43,58,42,47,60,69,52,44,82,79,45,52
D,291,296,342,367,270,257,224,294,353,167,85,82
E,196,160,153,24,42,158,102,93,67,65,121,76
F,37,40,128,76,40,66,62,76,67,61,41,69
G,48,66,43,40,37,46,54,50,60,63,81,62
H,25,785,552,434,297,155,91,57,44,36,27,27
,,,,,,,,,,,,
Plate_5,1,2,3,4,5,6,7,8,9,10,11,12
A,70,66,101,74,63,74,85,285,133,109,98,152
B,141,206,184,233,79,113,112,187,76,149,206,168
C,61,43,65,62,76,84,52,57,62,200,66,71
D,65,55,60,47,55,42,58,50,59,48,45,75
E,26,26,26,26,26,26,27,26,26,26,27,27
F,26,26,26,26,26,26,26,26,26,26,26,26
G,26,26,26,26,26,26,26,26,26,27,26,27
H,23,721,553,422,299,155,93,58,42,35,26,26